station,latitude,elevation_m,feb_mean_c,mar_mean_c,winter_min_c,year,enso_index,last_frost_doy
"Miami, FL",25.76,2,21.5,22.6,4.8,2005,0.0,1
"Miami, FL",25.76,2,20.3,24.5,4.7,2006,-0.89,1
"Miami, FL",25.76,2,22.0,23.5,5.2,2007,0.44,1
"Miami, FL",25.76,2,19.1,22.7,3.0,2008,0.63,1
"Miami, FL",25.76,2,19.1,19.8,5.7,2009,-1.66,1
"Miami, FL",25.76,2,16.3,22.0,6.7,2010,-0.17,1
"Miami, FL",25.76,2,18.9,20.5,3.3,2011,-1.38,1
"Miami, FL",25.76,2,20.3,23.9,4.7,2012,-0.73,1
"Miami, FL",25.76,2,21.2,21.1,7.3,2013,0.1,1
"Miami, FL",25.76,2,21.3,22.2,3.7,2014,-1.39,1
"Miami, FL",25.76,2,19.5,23.6,9.3,2015,0.69,1
"Miami, FL",25.76,2,21.4,24.5,11.3,2016,0.61,1
"Miami, FL",25.76,2,20.3,23.3,4.3,2017,0.18,1
"Miami, FL",25.76,2,22.5,24.7,3.5,2018,-0.18,1
"Miami, FL",25.76,2,17.9,22.7,7.5,2019,0.58,1
"Miami, FL",25.76,2,21.0,22.8,7.1,2020,0.62,1
"Miami, FL",25.76,2,20.1,23.3,6.2,2021,-0.39,1
"Miami, FL",25.76,2,20.1,21.6,8.7,2022,-1.0,1
"Miami, FL",25.76,2,22.2,22.4,9.6,2023,-0.02,1
"Miami, FL",25.76,2,19.1,23.9,3.4,2024,0.53,1
"Houston, TX",29.76,25,11.1,17.1,4.3,2005,-0.27,20
"Houston, TX",29.76,25,12.9,17.4,-2.1,2006,-0.56,22
"Houston, TX",29.76,25,14.5,15.8,-0.4,2007,0.63,25
"Houston, TX",29.76,25,12.6,15.0,0.3,2008,-0.95,25
"Houston, TX",29.76,25,12.0,16.9,-5.9,2009,0.08,26
"Houston, TX",29.76,25,9.5,18.6,-5.0,2010,0.33,37
"Houston, TX",29.76,25,13.7,16.7,-5.8,2011,-0.76,29
"Houston, TX",29.76,25,14.0,17.5,0.2,2012,1.3,21
"Houston, TX",29.76,25,12.9,17.6,-1.8,2013,0.99,25
"Houston, TX",29.76,25,14.2,15.9,0.0,2014,-1.15,18
"Houston, TX",29.76,25,11.8,15.7,-1.7,2015,-0.62,26
"Houston, TX",29.76,25,10.3,15.5,2.8,2016,-0.27,26
"Houston, TX",29.76,25,12.8,18.6,-5.8,2017,-0.95,22
"Houston, TX",29.76,25,9.3,17.8,-1.7,2018,-0.57,30
"Houston, TX",29.76,25,13.2,15.7,-2.2,2019,-0.68,20
"Houston, TX",29.76,25,14.4,15.4,-1.6,2020,-1.09,20
"Houston, TX",29.76,25,11.7,17.7,-2.2,2021,-0.4,25
"Houston, TX",29.76,25,15.1,18.1,-0.0,2022,0.02,15
"Houston, TX",29.76,25,13.6,17.7,-2.8,2023,-1.24,21
"Houston, TX",29.76,25,15.1,19.0,-1.3,2024,0.7,25
"Phoenix, AZ",33.45,331,14.5,18.0,2.8,2005,-1.12,6
"Phoenix, AZ",33.45,331,13.1,16.2,5.6,2006,1.34,7
"Phoenix, AZ",33.45,331,15.5,15.4,-3.3,2007,-0.01,11
"Phoenix, AZ",33.45,331,13.6,18.1,-0.1,2008,0.04,1
"Phoenix, AZ",33.45,331,12.1,15.3,3.1,2009,-0.15,11
"Phoenix, AZ",33.45,331,12.5,17.2,-0.1,2010,0.37,8
"Phoenix, AZ",33.45,331,12.7,18.7,3.1,2011,0.18,14
"Phoenix, AZ",33.45,331,14.5,17.0,0.5,2012,-1.25,1
"Phoenix, AZ",33.45,331,15.0,17.6,1.7,2013,-0.41,1
"Phoenix, AZ",33.45,331,14.9,15.2,1.5,2014,1.04,3
"Phoenix, AZ",33.45,331,11.2,18.7,-0.3,2015,-2.0,1
"Phoenix, AZ",33.45,331,15.3,17.7,1.1,2016,-0.85,1
"Phoenix, AZ",33.45,331,15.5,18.9,2.6,2017,0.03,1
"Phoenix, AZ",33.45,331,13.2,20.1,-0.6,2018,0.46,6
"Phoenix, AZ",33.45,331,11.6,20.8,5.6,2019,-0.01,1
"Phoenix, AZ",33.45,331,15.3,14.3,3.5,2020,0.69,8
"Phoenix, AZ",33.45,331,12.1,17.6,1.6,2021,0.07,14
"Phoenix, AZ",33.45,331,14.3,20.7,1.0,2022,0.3,1
"Phoenix, AZ",33.45,331,15.4,18.4,2.3,2023,-1.64,1
"Phoenix, AZ",33.45,331,14.5,17.7,1.6,2024,0.1,5
"Atlanta, GA",33.75,320,12.2,14.9,-3.8,2005,1.36,53
"Atlanta, GA",33.75,320,12.2,15.1,-3.1,2006,1.44,50
"Atlanta, GA",33.75,320,11.5,13.3,-4.6,2007,-0.06,54
"Atlanta, GA",33.75,320,7.2,13.7,-6.0,2008,0.1,69
"Atlanta, GA",33.75,320,10.4,16.0,-5.6,2009,-0.69,49
"Atlanta, GA",33.75,320,10.2,12.5,-2.6,2010,0.17,66
"Atlanta, GA",33.75,320,9.4,12.2,-3.5,2011,-0.23,55
"Atlanta, GA",33.75,320,11.4,11.9,-2.5,2012,-1.0,58
"Atlanta, GA",33.75,320,11.2,17.3,-4.2,2013,0.23,47
"Atlanta, GA",33.75,320,9.0,15.5,-3.1,2014,-1.22,48
"Atlanta, GA",33.75,320,8.4,13.9,-5.4,2015,-0.77,60
"Atlanta, GA",33.75,320,9.7,14.1,-3.2,2016,0.27,57
"Atlanta, GA",33.75,320,13.8,15.3,-3.3,2017,0.45,41
"Atlanta, GA",33.75,320,6.8,12.0,-1.4,2018,0.35,69
"Atlanta, GA",33.75,320,6.8,13.3,-5.9,2019,-0.13,68
"Atlanta, GA",33.75,320,12.2,14.2,-4.5,2020,2.0,59
"Atlanta, GA",33.75,320,7.8,14.1,-7.1,2021,-0.16,68
"Atlanta, GA",33.75,320,12.8,13.9,-1.6,2022,0.96,52
"Atlanta, GA",33.75,320,9.1,11.7,-8.0,2023,-0.35,68
"Atlanta, GA",33.75,320,10.2,15.5,-8.5,2024,-0.17,54
"Los Angeles, CA",34.05,93,15.8,15.5,8.8,2005,0.16,1
"Los Angeles, CA",34.05,93,12.3,16.5,5.8,2006,-1.09,1
"Los Angeles, CA",34.05,93,17.2,19.0,6.5,2007,1.21,1
"Los Angeles, CA",34.05,93,18.7,15.0,8.8,2008,-1.01,1
"Los Angeles, CA",34.05,93,12.1,15.5,8.6,2009,0.15,1
"Los Angeles, CA",34.05,93,16.5,15.0,5.9,2010,0.97,1
"Los Angeles, CA",34.05,93,14.0,14.6,5.2,2011,-0.04,1
"Los Angeles, CA",34.05,93,13.9,16.6,0.8,2012,-1.16,1
"Los Angeles, CA",34.05,93,12.7,17.0,4.0,2013,-0.58,3
"Los Angeles, CA",34.05,93,15.1,15.1,3.3,2014,-0.7,1
"Los Angeles, CA",34.05,93,16.0,15.8,3.1,2015,-0.14,1
"Los Angeles, CA",34.05,93,16.8,14.6,6.0,2016,0.05,1
"Los Angeles, CA",34.05,93,13.6,13.5,6.6,2017,0.59,7
"Los Angeles, CA",34.05,93,11.8,13.9,1.5,2018,-1.37,5
"Los Angeles, CA",34.05,93,13.0,16.4,3.2,2019,-0.73,1
"Los Angeles, CA",34.05,93,12.0,12.5,9.6,2020,-0.87,1
"Los Angeles, CA",34.05,93,15.1,16.4,6.4,2021,0.22,1
"Los Angeles, CA",34.05,93,11.4,13.7,1.5,2022,-0.94,9
"Los Angeles, CA",34.05,93,13.9,14.3,6.0,2023,0.74,7
"Los Angeles, CA",34.05,93,14.1,12.9,6.2,2024,-2.0,1
"Raleigh, NC",35.78,134,5.1,11.3,-1.8,2005,-0.26,83
"Raleigh, NC",35.78,134,6.1,9.7,-6.4,2006,-0.36,83
"Raleigh, NC",35.78,134,7.8,11.2,-5.3,2007,-0.08,77
"Raleigh, NC",35.78,134,12.4,13.6,-5.5,2008,1.16,67
"Raleigh, NC",35.78,134,6.2,12.5,-8.3,2009,-0.55,82
"Raleigh, NC",35.78,134,8.4,12.6,-6.9,2010,-0.09,71
"Raleigh, NC",35.78,134,6.8,13.2,-5.3,2011,-0.21,70
"Raleigh, NC",35.78,134,5.6,12.1,-5.7,2012,0.06,73
"Raleigh, NC",35.78,134,8.3,12.8,-6.0,2013,0.08,73
"Raleigh, NC",35.78,134,6.7,11.5,-5.8,2014,-0.88,72
"Raleigh, NC",35.78,134,8.4,12.9,-5.8,2015,0.21,76
"Raleigh, NC",35.78,134,7.5,12.3,-6.1,2016,-1.5,73
"Raleigh, NC",35.78,134,7.0,13.6,-4.6,2017,-0.59,73
"Raleigh, NC",35.78,134,7.7,13.9,-4.1,2018,-1.36,68
"Raleigh, NC",35.78,134,8.4,11.8,-13.0,2019,-1.4,78
"Raleigh, NC",35.78,134,4.5,11.0,-3.4,2020,-1.34,77
"Raleigh, NC",35.78,134,11.4,15.7,-5.0,2021,0.24,62
"Raleigh, NC",35.78,134,5.7,12.9,-5.4,2022,-1.13,76
"Raleigh, NC",35.78,134,7.4,13.5,-2.1,2023,0.9,77
"Raleigh, NC",35.78,134,9.6,13.2,-2.9,2024,0.96,68
"Nashville, TN",36.16,169,5.7,9.9,-8.0,2005,-1.48,77
"Nashville, TN",36.16,169,4.6,9.4,-13.0,2006,-0.33,94
"Nashville, TN",36.16,169,7.4,10.6,-6.1,2007,0.81,89
"Nashville, TN",36.16,169,4.0,10.5,-7.7,2008,-2.0,92
"Nashville, TN",36.16,169,7.5,12.2,-3.8,2009,1.02,80
"Nashville, TN",36.16,169,7.6,14.1,-7.4,2010,-0.04,78
"Nashville, TN",36.16,169,8.6,11.1,-3.1,2011,0.18,74
"Nashville, TN",36.16,169,5.5,12.1,-4.6,2012,-0.17,77
"Nashville, TN",36.16,169,5.9,9.4,-11.8,2013,-0.82,94
"Nashville, TN",36.16,169,7.3,10.6,-3.9,2014,0.44,82
"Nashville, TN",36.16,169,5.2,10.3,-5.3,2015,0.99,88
"Nashville, TN",36.16,169,7.0,9.9,-6.1,2016,0.61,86
"Nashville, TN",36.16,169,5.6,10.9,-3.0,2017,0.82,96
"Nashville, TN",36.16,169,7.7,12.6,-1.0,2018,1.8,81
"Nashville, TN",36.16,169,5.4,11.1,-10.1,2019,-0.88,80
"Nashville, TN",36.16,169,6.0,8.9,-8.9,2020,-1.29,87
"Nashville, TN",36.16,169,5.9,12.2,-8.6,2021,0.56,86
"Nashville, TN",36.16,169,7.2,10.3,-10.0,2022,-0.92,82
"Nashville, TN",36.16,169,7.1,8.3,-9.8,2023,-0.2,88
"Nashville, TN",36.16,169,9.5,12.2,-2.8,2024,2.0,88
"St. Louis, MO",38.63,142,2.2,10.8,-8.0,2005,-0.21,101
"St. Louis, MO",38.63,142,6.1,11.4,-8.1,2006,-0.46,91
"St. Louis, MO",38.63,142,2.5,7.4,-10.1,2007,-1.82,102
"St. Louis, MO",38.63,142,-0.3,9.4,-11.2,2008,-0.31,107
"St. Louis, MO",38.63,142,1.9,4.9,-6.6,2009,-0.54,107
"St. Louis, MO",38.63,142,7.5,9.7,-12.3,2010,1.0,93
"St. Louis, MO",38.63,142,1.1,8.4,-15.3,2011,-1.09,109
"St. Louis, MO",38.63,142,2.3,7.9,-11.4,2012,-1.36,101
"St. Louis, MO",38.63,142,1.5,6.0,-9.7,2013,-0.49,115
"St. Louis, MO",38.63,142,7.0,11.4,-8.6,2014,1.78,100
"St. Louis, MO",38.63,142,2.8,8.5,-8.8,2015,-0.05,100
"St. Louis, MO",38.63,142,1.0,8.3,-3.4,2016,-0.08,101
"St. Louis, MO",38.63,142,3.8,10.0,-12.0,2017,-0.21,99
"St. Louis, MO",38.63,142,4.2,9.8,-4.1,2018,0.83,93
"St. Louis, MO",38.63,142,2.1,11.4,-13.8,2019,0.07,100
"St. Louis, MO",38.63,142,3.8,9.6,-6.1,2020,-0.48,88
"St. Louis, MO",38.63,142,3.1,8.4,-6.8,2021,0.68,99
"St. Louis, MO",38.63,142,0.7,5.3,-12.9,2022,-1.87,110
"St. Louis, MO",38.63,142,6.1,8.9,-12.5,2023,0.28,95
"St. Louis, MO",38.63,142,0.1,9.1,-11.6,2024,-0.83,99
"Denver, CO",39.74,1609,1.4,6.0,-13.0,2005,0.63,134
"Denver, CO",39.74,1609,3.3,5.7,-13.0,2006,0.03,127
"Denver, CO",39.74,1609,-0.5,3.7,-15.1,2007,-1.31,129
"Denver, CO",39.74,1609,2.5,4.1,-16.5,2008,1.47,137
"Denver, CO",39.74,1609,-0.4,5.1,-15.7,2009,-0.08,139
"Denver, CO",39.74,1609,0.3,6.1,-8.4,2010,-0.65,121
"Denver, CO",39.74,1609,-0.9,6.0,-17.4,2011,-0.42,135
"Denver, CO",39.74,1609,-0.8,3.4,-15.2,2012,-0.03,132
"Denver, CO",39.74,1609,-0.9,4.3,-16.0,2013,-1.3,128
"Denver, CO",39.74,1609,2.1,5.6,-14.7,2014,-0.42,125
"Denver, CO",39.74,1609,0.5,3.5,-15.3,2015,0.57,145
"Denver, CO",39.74,1609,3.3,4.4,-11.4,2016,0.2,125
"Denver, CO",39.74,1609,5.3,6.1,-15.4,2017,-0.14,122
"Denver, CO",39.74,1609,3.4,4.4,-18.0,2018,0.29,131
"Denver, CO",39.74,1609,1.2,7.1,-13.2,2019,0.01,131
"Denver, CO",39.74,1609,1.7,7.7,-13.3,2020,-0.99,124
"Denver, CO",39.74,1609,4.3,3.6,-14.1,2021,0.14,130
"Denver, CO",39.74,1609,0.8,6.0,-13.9,2022,0.67,134
"Denver, CO",39.74,1609,-1.2,4.9,-11.9,2023,-0.12,132
"Denver, CO",39.74,1609,2.0,3.1,-13.8,2024,-0.22,128
"Kansas City, MO",39.1,277,7.1,12.0,-10.3,2005,1.02,98
"Kansas City, MO",39.1,277,2.3,10.6,-14.2,2006,0.11,112
"Kansas City, MO",39.1,277,4.5,8.3,-12.7,2007,-0.04,106
"Kansas City, MO",39.1,277,2.7,9.2,-11.5,2008,0.66,100
"Kansas City, MO",39.1,277,4.0,8.8,-9.9,2009,0.81,110
"Kansas City, MO",39.1,277,0.4,7.4,-8.5,2010,-0.41,105
"Kansas City, MO",39.1,277,1.8,7.0,-6.6,2011,1.07,112
"Kansas City, MO",39.1,277,0.3,8.7,-9.4,2012,-1.17,105
"Kansas City, MO",39.1,277,3.6,7.2,-9.7,2013,0.37,108
"Kansas City, MO",39.1,277,0.7,7.8,-11.5,2014,-0.48,109
"Kansas City, MO",39.1,277,3.7,8.1,-9.2,2015,-0.38,108
"Kansas City, MO",39.1,277,6.6,7.1,-8.3,2016,0.53,100
"Kansas City, MO",39.1,277,6.6,6.0,-11.4,2017,1.67,112
"Kansas City, MO",39.1,277,4.0,8.4,-9.0,2018,0.71,108
"Kansas City, MO",39.1,277,3.8,4.3,-9.5,2019,-0.07,106
"Kansas City, MO",39.1,277,2.4,7.2,-9.0,2020,0.86,108
"Kansas City, MO",39.1,277,-1.6,7.4,-10.7,2021,-0.82,120
"Kansas City, MO",39.1,277,3.8,7.9,-11.4,2022,-0.13,108
"Kansas City, MO",39.1,277,2.2,8.3,-10.3,2023,0.95,112
"Kansas City, MO",39.1,277,3.1,6.8,-10.8,2024,-0.81,103
"Chicago, IL",41.88,181,-1.0,3.6,-10.6,2005,0.32,138
"Chicago, IL",41.88,181,1.2,4.1,-15.0,2006,1.6,141
"Chicago, IL",41.88,181,-1.9,3.6,-20.5,2007,0.06,144
"Chicago, IL",41.88,181,-3.1,1.4,-20.2,2008,-2.0,143
"Chicago, IL",41.88,181,-4.4,1.4,-18.4,2009,0.25,145
"Chicago, IL",41.88,181,0.1,1.7,-15.4,2010,-0.87,131
"Chicago, IL",41.88,181,-2.3,4.1,-14.3,2011,0.27,148
"Chicago, IL",41.88,181,-1.6,2.6,-14.3,2012,0.18,141
"Chicago, IL",41.88,181,-1.4,7.3,-20.1,2013,0.75,139
"Chicago, IL",41.88,181,-1.9,3.3,-15.7,2014,0.79,139
"Chicago, IL",41.88,181,2.5,5.9,-18.6,2015,0.11,127
"Chicago, IL",41.88,181,-0.5,2.4,-18.2,2016,-0.36,144
"Chicago, IL",41.88,181,-2.0,2.8,-18.9,2017,0.78,145
"Chicago, IL",41.88,181,-2.5,1.6,-17.2,2018,-2.0,147
"Chicago, IL",41.88,181,-3.1,6.1,-11.8,2019,1.06,138
"Chicago, IL",41.88,181,-3.0,0.8,-13.4,2020,-0.86,134
"Chicago, IL",41.88,181,-3.4,2.9,-16.8,2021,-1.0,144
"Chicago, IL",41.88,181,-0.1,0.4,-16.2,2022,-0.19,139
"Chicago, IL",41.88,181,-1.5,2.6,-17.5,2023,0.12,147
"Chicago, IL",41.88,181,-2.9,7.5,-9.9,2024,0.31,128
"Salt Lake City, UT",40.76,1288,6.8,8.4,-11.1,2005,0.27,109
"Salt Lake City, UT",40.76,1288,1.2,5.8,-10.7,2006,-0.49,122
"Salt Lake City, UT",40.76,1288,-0.5,6.6,-14.7,2007,-0.4,128
"Salt Lake City, UT",40.76,1288,3.5,8.5,-10.0,2008,0.94,119
"Salt Lake City, UT",40.76,1288,1.3,8.1,-14.8,2009,-0.11,129
"Salt Lake City, UT",40.76,1288,0.7,6.2,-13.7,2010,0.03,128
"Salt Lake City, UT",40.76,1288,3.5,5.3,-18.5,2011,-0.65,122
"Salt Lake City, UT",40.76,1288,0.3,7.4,-12.5,2012,-1.81,114
"Salt Lake City, UT",40.76,1288,4.6,7.0,-12.8,2013,-0.69,119
"Salt Lake City, UT",40.76,1288,6.1,8.6,-8.7,2014,2.0,117
"Salt Lake City, UT",40.76,1288,-0.4,6.7,-15.0,2015,-0.55,128
"Salt Lake City, UT",40.76,1288,6.3,5.7,-12.2,2016,0.09,115
"Salt Lake City, UT",40.76,1288,4.2,6.5,-13.6,2017,0.39,114
"Salt Lake City, UT",40.76,1288,2.2,6.5,-15.5,2018,-0.83,121
"Salt Lake City, UT",40.76,1288,2.9,6.1,-12.6,2019,0.03,115
"Salt Lake City, UT",40.76,1288,4.0,2.8,-14.1,2020,-1.04,124
"Salt Lake City, UT",40.76,1288,0.2,6.7,-12.4,2021,-0.34,125
"Salt Lake City, UT",40.76,1288,0.2,4.4,-15.4,2022,-1.69,128
"Salt Lake City, UT",40.76,1288,4.1,6.6,-9.0,2023,0.58,122
"Salt Lake City, UT",40.76,1288,5.4,7.5,-11.2,2024,1.02,120
"Boston, MA",42.36,43,-0.7,2.3,-14.4,2005,-1.23,122
"Boston, MA",42.36,43,-0.8,4.9,-10.5,2006,-0.8,123
"Boston, MA",42.36,43,-1.6,4.5,-12.8,2007,-0.17,132
"Boston, MA",42.36,43,1.4,2.7,-12.3,2008,1.58,126
"Boston, MA",42.36,43,1.4,3.6,-17.1,2009,-1.08,127
"Boston, MA",42.36,43,0.4,3.7,-11.5,2010,1.13,131
"Boston, MA",42.36,43,2.6,6.3,-8.3,2011,0.58,122
"Boston, MA",42.36,43,-2.2,4.2,-10.5,2012,0.6,131
"Boston, MA",42.36,43,0.1,3.1,-7.4,2013,0.82,130
"Boston, MA",42.36,43,1.8,5.8,-10.9,2014,0.2,110
"Boston, MA",42.36,43,-1.4,2.0,-12.2,2015,-0.61,136
"Boston, MA",42.36,43,-2.4,6.9,-13.7,2016,-0.44,122
"Boston, MA",42.36,43,1.0,3.0,-9.8,2017,0.21,123
"Boston, MA",42.36,43,-0.4,4.7,-14.6,2018,-0.83,127
"Boston, MA",42.36,43,5.0,2.8,-8.6,2019,-0.08,114
"Boston, MA",42.36,43,1.2,5.4,-9.0,2020,-0.11,120
"Boston, MA",42.36,43,-1.5,4.4,-11.2,2021,-0.54,132
"Boston, MA",42.36,43,2.2,6.7,-11.1,2022,0.38,112
"Boston, MA",42.36,43,-3.5,5.8,-15.4,2023,-1.06,136
"Boston, MA",42.36,43,3.6,6.0,-11.6,2024,0.53,116
"Minneapolis, MN",44.98,265,-6.6,-0.8,-24.0,2005,0.08,170
"Minneapolis, MN",44.98,265,-7.9,-2.5,-25.4,2006,-1.53,170
"Minneapolis, MN",44.98,265,-5.7,-2.6,-21.3,2007,-0.05,166
"Minneapolis, MN",44.98,265,-6.2,-3.7,-25.2,2008,0.56,170
"Minneapolis, MN",44.98,265,-5.2,1.4,-25.9,2009,1.4,170
"Minneapolis, MN",44.98,265,-5.5,0.8,-26.1,2010,1.63,170
"Minneapolis, MN",44.98,265,-3.9,3.4,-20.2,2011,2.0,157
"Minneapolis, MN",44.98,265,-8.1,0.5,-21.9,2012,1.2,170
"Minneapolis, MN",44.98,265,-6.0,-1.0,-26.8,2013,0.37,170
"Minneapolis, MN",44.98,265,-9.9,-2.5,-26.0,2014,-0.64,170
"Minneapolis, MN",44.98,265,-11.0,-0.6,-24.4,2015,-1.21,170
"Minneapolis, MN",44.98,265,-9.4,0.5,-26.2,2016,-1.35,170
"Minneapolis, MN",44.98,265,-6.2,-0.8,-25.4,2017,1.54,170
"Minneapolis, MN",44.98,265,-9.2,-1.4,-22.3,2018,0.27,170
"Minneapolis, MN",44.98,265,-6.4,0.5,-29.2,2019,-0.58,168
"Minneapolis, MN",44.98,265,-7.7,-3.2,-24.3,2020,0.37,170
"Minneapolis, MN",44.98,265,-9.7,5.2,-25.1,2021,1.42,170
"Minneapolis, MN",44.98,265,-4.2,1.0,-25.6,2022,1.11,170
"Minneapolis, MN",44.98,265,-12.1,4.1,-23.0,2023,-0.64,170
"Minneapolis, MN",44.98,265,-5.1,2.0,-21.1,2024,-0.82,157
"Portland, OR",45.52,15,5.7,4.7,-8.6,2005,-1.08,85
"Portland, OR",45.52,15,5.9,8.2,0.8,2006,-0.89,77
"Portland, OR",45.52,15,9.1,7.7,-3.9,2007,-0.04,75
"Portland, OR",45.52,15,5.5,6.1,-4.0,2008,-1.12,85
"Portland, OR",45.52,15,6.8,7.1,-6.7,2009,-0.68,73
"Portland, OR",45.52,15,12.4,10.7,-3.2,2010,1.31,67
"Portland, OR",45.52,15,8.2,9.3,-2.7,2011,-0.3,72
"Portland, OR",45.52,15,5.8,5.9,-4.7,2012,-0.52,75
"Portland, OR",45.52,15,5.2,9.1,-2.0,2013,-0.13,71
"Portland, OR",45.52,15,4.6,9.7,0.4,2014,-0.73,76
"Portland, OR",45.52,15,9.4,6.4,0.4,2015,-0.31,67
"Portland, OR",45.52,15,10.0,10.1,-8.0,2016,-2.0,63
"Portland, OR",45.52,15,7.0,6.5,-4.9,2017,-0.19,81
"Portland, OR",45.52,15,9.3,9.3,3.1,2018,0.2,61
"Portland, OR",45.52,15,3.8,7.2,0.6,2019,0.23,78
"Portland, OR",45.52,15,7.3,7.7,-3.3,2020,0.48,75
"Portland, OR",45.52,15,8.0,9.7,-5.0,2021,-0.44,67
"Portland, OR",45.52,15,7.0,10.8,3.9,2022,0.25,70
"Portland, OR",45.52,15,6.7,7.6,-5.3,2023,-0.03,75
"Portland, OR",45.52,15,5.9,9.9,-4.4,2024,-0.36,74
"Billings, MT",45.78,950,-1.0,2.0,-14.8,2005,-1.1,147
"Billings, MT",45.78,950,-2.2,4.1,-9.6,2006,1.34,143
"Billings, MT",45.78,950,1.0,3.4,-14.8,2007,1.06,150
"Billings, MT",45.78,950,-2.8,0.2,-20.5,2008,-0.6,155
"Billings, MT",45.78,950,-2.8,2.6,-21.8,2009,-0.13,164
"Billings, MT",45.78,950,-0.7,2.2,-17.0,2010,1.07,155
"Billings, MT",45.78,950,-5.8,3.5,-10.1,2011,0.38,146
"Billings, MT",45.78,950,-1.5,2.5,-13.4,2012,0.92,145
"Billings, MT",45.78,950,-0.2,1.8,-18.9,2013,0.15,151
"Billings, MT",45.78,950,-0.5,0.2,-16.3,2014,-0.41,144
"Billings, MT",45.78,950,-2.6,-1.8,-17.3,2015,0.62,157
"Billings, MT",45.78,950,-0.5,-0.1,-21.2,2016,-0.41,160
"Billings, MT",45.78,950,-0.1,2.6,-20.1,2017,0.11,149
"Billings, MT",45.78,950,-0.2,2.8,-16.5,2018,1.14,150
"Billings, MT",45.78,950,0.1,1.6,-21.5,2019,-0.54,148
"Billings, MT",45.78,950,-1.2,2.2,-18.9,2020,0.67,154
"Billings, MT",45.78,950,-6.8,2.2,-21.1,2021,-1.55,161
"Billings, MT",45.78,950,-0.8,2.8,-11.2,2022,1.13,150
"Billings, MT",45.78,950,-1.9,2.4,-20.6,2023,-0.33,153
"Billings, MT",45.78,950,-6.8,1.6,-18.9,2024,-0.15,162
"Fargo, ND",46.88,274,-11.0,-3.1,-28.6,2005,-1.52,170
"Fargo, ND",46.88,274,-10.7,-2.0,-22.9,2006,0.59,170
"Fargo, ND",46.88,274,-7.4,-3.0,-28.3,2007,-0.47,170
"Fargo, ND",46.88,274,-12.2,-2.7,-28.4,2008,0.97,170
"Fargo, ND",46.88,274,-11.3,-2.1,-30.2,2009,-0.79,170
"Fargo, ND",46.88,274,-10.0,-1.5,-22.4,2010,0.37,170
"Fargo, ND",46.88,274,-9.6,-3.9,-27.0,2011,-0.59,170
"Fargo, ND",46.88,274,-10.1,-0.7,-29.2,2012,-0.75,170
"Fargo, ND",46.88,274,-11.4,-3.5,-22.7,2013,-0.94,170
"Fargo, ND",46.88,274,-10.4,-2.6,-25.9,2014,-0.48,170
"Fargo, ND",46.88,274,-6.9,1.6,-24.1,2015,1.85,170
"Fargo, ND",46.88,274,-10.4,-3.0,-29.2,2016,-1.3,170
"Fargo, ND",46.88,274,-9.0,-2.1,-26.7,2017,0.79,170
"Fargo, ND",46.88,274,-11.0,-3.2,-25.8,2018,0.37,170
"Fargo, ND",46.88,274,-10.3,-3.6,-27.6,2019,-0.34,170
"Fargo, ND",46.88,274,-7.1,-1.3,-29.3,2020,-0.95,170
"Fargo, ND",46.88,274,-13.3,-5.0,-29.6,2021,-1.32,170
"Fargo, ND",46.88,274,-9.2,-5.7,-26.3,2022,-0.46,170
"Fargo, ND",46.88,274,-10.3,-4.3,-31.1,2023,-0.59,170
"Fargo, ND",46.88,274,-7.9,-1.1,-29.5,2024,-0.01,170
"Burlington, VT",44.48,100,-4.9,-2.8,-15.9,2005,-0.83,156
"Burlington, VT",44.48,100,-5.0,2.2,-18.0,2006,-0.71,157
"Burlington, VT",44.48,100,-2.7,3.1,-18.1,2007,0.12,155
"Burlington, VT",44.48,100,-4.7,-0.4,-18.5,2008,0.15,162
"Burlington, VT",44.48,100,-4.9,0.7,-18.7,2009,-1.18,145
"Burlington, VT",44.48,100,-3.9,-0.3,-17.9,2010,-0.09,147
"Burlington, VT",44.48,100,-5.6,2.8,-21.9,2011,0.6,163
"Burlington, VT",44.48,100,-3.7,-0.6,-19.8,2012,-0.21,166
"Burlington, VT",44.48,100,-6.9,0.0,-21.5,2013,-0.75,167
"Burlington, VT",44.48,100,-4.9,-0.7,-13.2,2014,1.55,165
"Burlington, VT",44.48,100,-2.3,0.1,-17.5,2015,0.74,149
"Burlington, VT",44.48,100,-4.4,-1.0,-13.8,2016,-1.28,151
"Burlington, VT",44.48,100,-4.1,3.5,-17.5,2017,-0.58,143
"Burlington, VT",44.48,100,-2.2,0.4,-19.5,2018,0.33,158
"Burlington, VT",44.48,100,-6.9,0.5,-19.7,2019,0.13,165
"Burlington, VT",44.48,100,-2.8,2.2,-21.8,2020,0.1,155
"Burlington, VT",44.48,100,-3.5,3.2,-18.4,2021,0.81,149
"Burlington, VT",44.48,100,-6.2,-1.9,-14.4,2022,0.84,161
"Burlington, VT",44.48,100,-7.8,-1.3,-21.2,2023,-0.28,167
"Burlington, VT",44.48,100,-8.8,2.4,-20.6,2024,0.33,162
"Spokane, WA",47.66,576,0.4,3.0,-4.7,2005,0.61,127
"Spokane, WA",47.66,576,0.6,7.4,-10.9,2006,0.22,131
"Spokane, WA",47.66,576,1.4,3.3,-11.7,2007,-0.67,136
"Spokane, WA",47.66,576,0.5,8.8,-8.8,2008,0.29,120
"Spokane, WA",47.66,576,-1.5,7.3,-6.2,2009,0.66,127
"Spokane, WA",47.66,576,-0.2,4.6,-13.1,2010,-0.57,134
"Spokane, WA",47.66,576,-2.4,3.1,-12.9,2011,-1.84,136
"Spokane, WA",47.66,576,0.1,3.9,-13.0,2012,-1.11,125
"Spokane, WA",47.66,576,-0.3,2.7,-11.1,2013,-1.06,136
"Spokane, WA",47.66,576,3.6,5.2,-11.6,2014,0.93,131
"Spokane, WA",47.66,576,2.3,5.2,-6.7,2015,0.28,127
"Spokane, WA",47.66,576,1.5,6.1,-8.6,2016,0.64,127
"Spokane, WA",47.66,576,-0.1,8.4,-9.2,2017,0.89,132
"Spokane, WA",47.66,576,-0.5,8.2,-10.9,2018,-0.08,122
"Spokane, WA",47.66,576,-1.1,8.0,-10.3,2019,-0.64,130
"Spokane, WA",47.66,576,-0.2,5.4,-6.6,2020,-0.9,121
"Spokane, WA",47.66,576,1.0,3.7,-9.4,2021,0.54,130
"Spokane, WA",47.66,576,-0.7,4.5,-13.5,2022,-2.0,123
"Spokane, WA",47.66,576,1.7,7.6,-4.9,2023,1.33,121
"Spokane, WA",47.66,576,0.2,5.4,-9.3,2024,0.73,131
"Caribou, ME",46.86,190,-7.9,-2.5,-25.5,2005,1.0,170
"Caribou, ME",46.86,190,-10.6,-3.6,-28.4,2006,-0.81,170
"Caribou, ME",46.86,190,-5.9,-1.3,-25.5,2007,-0.55,170
"Caribou, ME",46.86,190,-6.6,-1.8,-22.9,2008,1.97,170
"Caribou, ME",46.86,190,-7.9,1.2,-26.7,2009,1.27,170
"Caribou, ME",46.86,190,-6.5,-4.2,-27.2,2010,-0.9,170
"Caribou, ME",46.86,190,-10.0,-2.8,-28.1,2011,1.13,170
"Caribou, ME",46.86,190,-9.7,-4.2,-27.1,2012,-0.09,170
"Caribou, ME",46.86,190,-5.8,-5.8,-25.7,2013,0.48,170
"Caribou, ME",46.86,190,-10.3,-2.9,-28.1,2014,0.44,170
"Caribou, ME",46.86,190,-9.2,-2.3,-26.5,2015,0.09,170
"Caribou, ME",46.86,190,-8.0,-2.9,-22.9,2016,0.54,170
"Caribou, ME",46.86,190,-11.3,-1.2,-23.6,2017,-0.98,170
"Caribou, ME",46.86,190,-11.1,-4.5,-31.2,2018,-1.06,170
"Caribou, ME",46.86,190,-12.2,-2.3,-29.1,2019,-1.15,170
"Caribou, ME",46.86,190,-7.0,-3.1,-25.2,2020,0.57,170
"Caribou, ME",46.86,190,-6.4,-3.7,-24.1,2021,1.57,170
"Caribou, ME",46.86,190,-5.3,-0.5,-26.8,2022,0.43,170
"Caribou, ME",46.86,190,-9.6,-3.6,-20.6,2023,-1.15,170
"Caribou, ME",46.86,190,-11.9,-4.1,-31.4,2024,-1.88,170
